<?xml version="1.0" encoding="UTF-8"?>
<project-private xmlns="http://www.netbeans.org/ns/project-private/1">
    <editor-bookmarks xmlns="http://www.netbeans.org/ns/editor-bookmarks/2" lastBookmarkId="0"/>
    <open-files xmlns="http://www.netbeans.org/ns/projectui-open-files/2">
        <group>
            <file>file:/H:/NetBins%20Project/StudentManagementSystem/src/studentmanagementsystem/AdminSignUp.java</file>
            <file>file:/H:/NetBins%20Project/StudentManagementSystem/src/studentmanagementsystem/StudentPaymentLedger.java</file>
            <file>file:/H:/NetBins%20Project/StudentManagementSystem/src/studentmanagementsystem/PaymentOption.java</file>
            <file>file:/H:/NetBins%20Project/StudentManagementSystem/src/studentmanagementsystem/StudentLogin.java</file>
            <file>file:/H:/NetBins%20Project/StudentManagementSystem/src/studentmanagementsystem/DB.java</file>
            <file>file:/H:/NetBins%20Project/StudentManagementSystem/src/studentmanagementsystem/StudentOperation.java</file>
            <file>file:/H:/NetBins%20Project/StudentManagementSystem/src/studentmanagementsystem/StudentManagementSystem.java</file>
            <file>file:/H:/NetBins%20Project/StudentManagementSystem/src/studentmanagementsystem/SearchAndUpdate.java</file>
            <file>file:/H:/NetBins%20Project/StudentManagementSystem/src/studentmanagementsystem/AdminLogIn.java</file>
            <file>file:/H:/NetBins%20Project/StudentManagementSystem/src/studentmanagementsystem/StudentUpdate.java</file>
            <file>file:/H:/NetBins%20Project/StudentManagementSystem/src/studentmanagementsystem/RegistrationForm.java</file>
        </group>
    </open-files>
</project-private>
